<application>
  <component name="FileTypeManager" version="17">
    <extensionMap>
      <mapping ext="klib" type="ARCHIVE" />
      <mapping ext="tps" type="DBN-PSQL" />
      <mapping ext="tpe" type="DBN-PSQL" />
      <mapping ext="pks" type="DBN-PSQL" />
      <mapping ext="fnc" type="DBN-PSQL" />
      <mapping ext="pkg" type="DBN-PSQL" />
      <mapping ext="pkb" type="DBN-PSQL" />
      <mapping ext="tpb" type="DBN-PSQL" />
      <mapping ext="prc" type="DBN-PSQL" />
      <mapping ext="trg" type="DBN-PSQL" />
      <mapping ext="vw" type="DBN-SQL" />
      <mapping pattern=".dockerignore" type="PLAIN_TEXT" />
      <mapping pattern="database-properties" type="PLAIN_TEXT" />
      <mapping pattern="Dockerfile-prod" type="PLAIN_TEXT" />
      <mapping pattern="auditoriums-properties" type="PLAIN_TEXT" />
      <mapping pattern="resources" type="PLAIN_TEXT" />
      <mapping ext="md" type="PLAIN_TEXT" />
      <mapping ext="test" type="PLAIN_TEXT" />
      <mapping ext="tsx" type="PLAIN_TEXT" />
    </extensionMap>
  </component>
</application>