<application>
  <component name="FileTypeManager" version="17">
    <extensionMap>
      <mapping ext="klib" type="ARCHIVE" />
      <mapping pattern=".dockerignore" type="PLAIN_TEXT" />
      <mapping pattern="Dockerfile-prod" type="PLAIN_TEXT" />
      <mapping pattern="auditoriums-properties" type="PLAIN_TEXT" />
      <mapping pattern="resources" type="PLAIN_TEXT" />
      <mapping ext="md" type="PLAIN_TEXT" />
      <mapping ext="test" type="PLAIN_TEXT" />
      <mapping ext="tsx" type="PLAIN_TEXT" />
    </extensionMap>
  </component>
</application>