<application>
  <component name="ExternalResourceManagerImpl">
    <resource url="http://java.sun.com/xml/ns/javaee" location="$USER_HOME$/.IdeaIC2018.3/system/extResources/beee9943_web-app_3_0.xsd" />
    <resource url="http://www.springframework.org/schema/beans/spring-beans-4.0.xsd" location="$USER_HOME$/.IdeaIC2018.3/system/extResources/d8159f10_spring-beans-4.0.xsd" />
    <resource url="http://www.springframework.org/schema/context/spring-context-4.0.xsd" location="$USER_HOME$/.IdeaIC2018.3/system/extResources/529b3010_spring-context-4.0.xsd" />
    <resource url="http://www.springframework.org/schema/mvc/spring-mvc-4.0.xsd" location="$USER_HOME$/.IdeaIC2018.3/system/extResources/136af430_spring-mvc-4.0.xsd" />
    <resource url="http://www.springframework.org/schema/tool/spring-tool-4.0.xsd" location="$USER_HOME$/.IdeaIC2018.3/system/extResources/944024e2_spring-tool-4.0.xsd" />
    <resource url="http://www.w3.org/2001/xml.xsd" location="$USER_HOME$/.IdeaIC2018.3/system/extResources/9b192256_xml.xsd" />
  </component>
</application>