<application>
  <component name="EduSettings">
    <option name="lastTimeChecked" value="1552577879932" />
    <option name="shownCourseIds">
      <set>
        <option value="51835" />
        <option value="52766" />
      </set>
    </option>
    <option name="myShouldUseJavaFx" value="true" />
  </component>
  <component name="JavaFxSettings">
    <option name="pathToSceneBuilder" value="C:/Program Files (x86)/Oracle/JavaFX Scene Builder 2.0/JavaFX Scene Builder 2.0.exe" />
    <option name="myPathToSceneBuilder" value="C:/Program Files (x86)/Oracle/JavaFX Scene Builder 2.0/JavaFX Scene Builder 2.0.exe" />
  </component>
</application>