<application>
  <component name="StudioSettings">
    <option name="generalSettings">
      <GeneralSettings>
        <option name="enableInternalFeatures" value="false" />
        <option name="macAddress" value="0A-00-27-00-00-05" />
      </GeneralSettings>
    </option>
    <option name="sdkSettings">
      <SdkSettings>
        <option name="allSdks">
          <list>
            <SdkInfo>
              <option name="sdkType" value="ODPS_CMD" />
              <option name="version" value="0.29.1" />
              <option name="installedLocation" value="C:\Users\Marcin_Smola\.IdeaIC2018.3\config\plugins\odps-studio-intellij\odpscmd_public" />
              <option name="isDefault" value="true" />
            </SdkInfo>
          </list>
        </option>
      </SdkSettings>
    </option>
  </component>
</application>